Workbook

Sheet README
A1: HOPE, Inc. ERP Project - PR-Based Grading Sheet
A3: How to use
A4: 1. Settings: review role thresholds and point weights (blue cells on yellow). Change them here only; all sheets update.
A5: 2. Roster: enter each student's name, team, and role (role is a dropdown). Up to 40 students.
A6: 3. Midterm: enter Sprint 1 valid PRs, reviews done, quality score, and demo score.
A7: 4. Final: enter valid PRs for Sprints 2, 3, 4, total reviews, quality, demo, and peer evaluation scores.
A8: 5. Grey/black cells are formulas - do not overwrite them.
A10: Colour legend
A11: Blue text on yellow = input cell. Black text = formula.
A13: Rules implemented
A14: - Only VALID PRs are entered: merged, linked to an issue, approved by a teammate, non-trivial.
A15: - Each approved review of a teammate's PR counts as a fraction of a PR (Settings), up to a maximum number of reviews.
... A26: - Sample students and scores in the first 5 rows are EXAMPLES only. Clear the Roster names and the yellow input cells before real use.

Sheet Settings
A1: Settings - Role Thresholds and Grading Parameters
A3: Role thresholds (valid PRs)
A4: Role | B4: Midterm minimum | C4: Midterm target (full PR points) | D4: Final per-sprint minimum | E4: Final total minimum | F4: Final target (full PR points)
A5: Developer | B5: 5 | C5: 8 | D5: 5 | E5: 15 | F5: 24
A6: DB Admin | B6: 4 | C6: 6 | D6: 4 | E6: 12 | F6: 18
A7: Tester | B7: 4 | C7: 6 | D7: 4 | E7: 12 | F7: 18
A8: UI/UX Designer | B8: 3 | C8: 5 | D8: 3 | E8: 9 | F8: 15
A9: Scrum Master | B9: 3 | C9: 5 | D9: 3 | E9: 9 | F9: 15
A11: Grading parameters
A12: Parameter | B12: Value | C12: Note
A13: Midterm: PR score weight | B13: 60 | C13: Max points from PR count (midterm)
A14: Midterm: quality max | B14: 20 | C14: PR quality: issue linked, clear description, responds to review
A15: Midterm: team demo max | B15: 20 | C15: Sprint 1 demo vs acceptance criteria
A16: Final: PR score weight | B16: 60 | C16: Max points from PR count (Sprints 2-4)
A17: Final: quality max | B17: 15 | C17: PR quality across Sprints 2-4
A18: Final: team demos max | B18: 15 | C18: Demos of Sprints 2, 3, 4
A19: Final: peer evaluation max | B19: 10 | C19: Teammate evaluation
A20: Cap if below role minimum | B20: 74 | C20: Maximum term total if credited PRs < role minimum
A21: Deduction per sprint below minimum | B21: 3 | C21: Final term only, per sprint below per-sprint minimum
A22: Credit per review (PR equivalent) | B22: 0.5 | C22: Each approved review of a teammate's PR
A23: Max reviews credited | B23: 4 | C23: Reviews beyond this earn no extra credit
A25: Check: midterm weights total | B25: =B13+B14+B15 -> 100 | C25: Should equal 100
A26: Check: final weights total | B26: =B16+B17+B18+B19 -> 100 | C26: Should equal 100

Sheet Roster
A1: Roster
A2: Enter student names, team, and role (dropdown). Sample rows below - replace with your class.
A4: # | B4: Student name | C4: Team | D4: Role
A5: 1 | B5: Sample Student 1 | C5: Team A | D5: Developer
A6: 2 | B6: Sample Student 2 | C6: Team A | D6: DB Admin
A7: 3 | B7: Sample Student 3 | C7: Team A | D7: Tester
A8: 4 | B8: Sample Student 4 | C8: Team A | D8: UI/UX Designer
A9: 5 | B9: Sample Student 5 | C9: Team A | D9: Scrum Master
A10: 6
A11: 7
A12: 8
A13: 9
A14: 10
A15: 11
A16: 12
A17: 13
A18: 14
A19: 15
A20: 16
A21: 17
... A44: 40

Sheet Midterm
A1: Midterm Grading - Sprint 1
A2: Enter valid PRs, reviews, quality and demo scores in the yellow cells. Sample numbers in rows 5-9 are examples.
A4: # | B4: Student | C4: Team | D4: Role | E4: Valid PRs (Sprint 1) | F4: Reviews done | G4: Credited PRs | H4: Role minimum | I4: Role target | J4: PR score | K4: Quality score | L4: Team demo score | M4: Raw total | N4: MIDTERM GRADE | O4: Status
A5: =Roster!A5 -> 1 | B5: =IF(Roster!B5="","",Roster!B5) -> Sample Student 1 | C5: =IF($B5="","",Roster!C5) -> Team A | D5: =IF($B5="","",Roster!D5) -> Developer | E5: 7 | F5: 2 | G5: =IF($B5="","",E5+MIN(F5,Settings!$B$23)*Settings!$B$22) -> 8 | H5: =IF($B5="","",IFERROR(INDEX(Settings!$B$5:$B$9,MATCH($D5,Settings!$A$5:$A$9,0)),0)) -> 5 | I5: =IF($B5="","",IFERROR(INDEX(Settings!$C$5:$C$9,MATCH($D5,Settings!$A$5:$A$9,0)),0)) -> 8 | J5: =IF($B5="","",IF(I5=0,0,ROUND(MIN(G5/I5,1)*Settings!$B$13,1))) -> 60 | K5: 16 | L5: 17 | M5: =IF($B5="","",J5+MIN(K5,Settings!$B$14)+MIN(L5,Settings!$B$15)) -> 93 | N5: =IF($B5="","",IF(G5<H5,MIN(M5,Settings!$B$20),M5)) -> 93 | O5: =IF($B5="","",IF($D5="","Assign role",IF(G5<H5,"Below minimum - capped","OK"))) -> OK
A6: =Roster!A6 -> 2 | B6: =IF(Roster!B6="","",Roster!B6) -> Sample Student 2 | C6: =IF($B6="","",Roster!C6) -> Team A | D6: =IF($B6="","",Roster!D6) -> DB Admin | E6: 4 | F6: 1 | G6: =IF($B6="","",E6+MIN(F6,Settings!$B$23)*Settings!$B$22) -> 4.5 | H6: =IF($B6="","",IFERROR(INDEX(Settings!$B$5:$B$9,MATCH($D6,Settings!$A$5:$A$9,0)),0)) -> 4 | I6: =IF($B6="","",IFERROR(INDEX(Settings!$C$5:$C$9,MATCH($D6,Settings!$A$5:$A$9,0)),0)) -> 6 | J6: =IF($B6="","",IF(I6=0,0,ROUND(MIN(G6/I6,1)*Settings!$B$13,1))) -> 45 | K6: 15 | L6: 17 | M6: =IF($B6="","",J6+MIN(K6,Settings!$B$14)+MIN(L6,Settings!$B$15)) -> 77 | N6: =IF($B6="","",IF(G6<H6,MIN(M6,Settings!$B$20),M6)) -> 77 | O6: =IF($B6="","",IF($D6="","Assign role",IF(G6<H6,"Below minimum - capped","OK"))) -> OK
A7: =Roster!A7 -> 3 | B7: =IF(Roster!B7="","",Roster!B7) -> Sample Student 3 | C7: =IF($B7="","",Roster!C7) -> Team A | D7: =IF($B7="","",Roster!D7) -> Tester | E7: 3 | F7: 0 | G7: =IF($B7="","",E7+MIN(F7,Settings!$B$23)*Settings!$B$22) -> 3 | H7: =IF($B7="","",IFERROR(INDEX(Settings!$B$5:$B$9,MATCH($D7,Settings!$A$5:$A$9,0)),0)) -> 4 | I7: =IF($B7="","",IFERROR(INDEX(Settings!$C$5:$C$9,MATCH($D7,Settings!$A$5:$A$9,0)),0)) -> 6 | J7: =IF($B7="","",IF(I7=0,0,ROUND(MIN(G7/I7,1)*Settings!$B$13,1))) -> 30 | K7: 12 | L7: 17 | M7: =IF($B7="","",J7+MIN(K7,Settings!$B$14)+MIN(L7,Settings!$B$15)) -> 59 | N7: =IF($B7="","",IF(G7<H7,MIN(M7,Settings!$B$20),M7)) -> 59 | O7: =IF($B7="","",IF($D7="","Assign role",IF(G7<H7,"Below minimum - capped","OK"))) -> Below minimum - capped
A8: =Roster!A8 -> 4 | B8: =IF(Roster!B8="","",Roster!B8) -> Sample Student 4 | C8: =IF($B8="","",Roster!C8) -> Team A | D8: =IF($B8="","",Roster!D8) -> UI/UX Designer | E8: 5 | F8: 0 | G8: =IF($B8="","",E8+MIN(F8,Settings!$B$23)*Settings!$B$22) -> 5 | H8: =IF($B8="","",IFERROR(INDEX(Settings!$B$5:$B$9,MATCH($D8,Settings!$A$5:$A$9,0)),0)) -> 3 | I8: =IF($B8="","",IFERROR(INDEX(Settings!$C$5:$C$9,MATCH($D8,Settings!$A$5:$A$9,0)),0)) -> 5 | J8: =IF($B8="","",IF(I8=0,0,ROUND(MIN(G8/I8,1)*Settings!$B$13,1))) -> 60 | K8: 18 | L8: 17 | M8: =IF($B8="","",J8+MIN(K8,Settings!$B$14)+MIN(L8,Settings!$B$15)) -> 95 | N8: =IF($B8="","",IF(G8<H8,MIN(M8,Settings!$B$20),M8)) -> 95 | O8: =IF($B8="","",IF($D8="","Assign role",IF(G8<H8,"Below minimum - capped","OK"))) -> OK
A9: =Roster!A9 -> 5 | B9: =IF(Roster!B9="","",Roster!B9) -> Sample Student 5 | C9: =IF($B9="","",Roster!C9) -> Team A | D9: =IF($B9="","",Roster!D9) -> Scrum Master | E9: 5 | F9: 3 | G9: =IF($B9="","",E9+MIN(F9,Settings!$B$23)*Settings!$B$22) -> 6.5 | H9: =IF($B9="","",IFERROR(INDEX(Settings!$B$5:$B$9,MATCH($D9,Settings!$A$5:$A$9,0)),0)) -> 3 | I9: =IF($B9="","",IFERROR(INDEX(Settings!$C$5:$C$9,MATCH($D9,Settings!$A$5:$A$9,0)),0)) -> 5 | J9: =IF($B9="","",IF(I9=0,0,ROUND(MIN(G9/I9,1)*Settings!$B$13,1))) -> 60 | K9: 17 | L9: 17 | M9: =IF($B9="","",J9+MIN(K9,Settings!$B$14)+MIN(L9,Settings!$B$15)) -> 94 | N9: =IF($B9="","",IF(G9<H9,MIN(M9,Settings!$B$20),M9)) -> 94 | O9: =IF($B9="","",IF($D9="","Assign role",IF(G9<H9,"Below minimum - capped","OK"))) -> OK
A10: =Roster!A10 -> 6 | B10: =IF(Roster!B10="","",Roster!B10) | C10: =IF($B10="","",Roster!C10) | D10: =IF($B10="","",Roster!D10) | G10: =IF($B10="","",E10+MIN(F10,Settings!$B$23)*Settings!$B$22) | H10: =IF($B10="","",IFERROR(INDEX(Settings!$B$5:$B$9,MATCH($D10,Settings!$A$5:$A$9,0)),0)) | I10: =IF($B10="","",IFERROR(INDEX(Settings!$C$5:$C$9,MATCH($D10,Settings!$A$5:$A$9,0)),0)) | J10: =IF($B10="","",IF(I10=0,0,ROUND(MIN(G10/I10,1)*Settings!$B$13,1))) | M10: =IF($B10="","",J10+MIN(K10,Settings!$B$14)+MIN(L10,Settings!$B$15)) | N10: =IF($B10="","",IF(G10<H10,MIN(M10,Settings!$B$20),M10)) | O10: =IF($B10="","",IF($D10="","Assign role",IF(G10<H10,"Below minimum - capped","OK")))
A11: =Roster!A11 -> 7 | B11: =IF(Roster!B11="","",Roster!B11) | C11: =IF($B11="","",Roster!C11) | D11: =IF($B11="","",Roster!D11) | G11: =IF($B11="","",E11+MIN(F11,Settings!$B$23)*Settings!$B$22) | H11: =IF($B11="","",IFERROR(INDEX(Settings!$B$5:$B$9,MATCH($D11,Settings!$A$5:$A$9,0)),0)) | I11: =IF($B11="","",IFERROR(INDEX(Settings!$C$5:$C$9,MATCH($D11,Settings!$A$5:$A$9,0)),0)) | J11: =IF($B11="","",IF(I11=0,0,ROUND(MIN(G11/I11,1)*Settings!$B$13,1))) | M11: =IF($B11="","",J11+MIN(K11,Settings!$B$14)+MIN(L11,Settings!$B$15)) | N11: =IF($B11="","",IF(G11<H11,MIN(M11,Settings!$B$20),M11)) | O11: =IF($B11="","",IF($D11="","Assign role",IF(G11<H11,"Below minimum - capped","OK")))
A12: =Roster!A12 -> 8 | B12: =IF(Roster!B12="","",Roster!B12) | C12: =IF($B12="","",Roster!C12) | D12: =IF($B12="","",Roster!D12) | G12: =IF($B12="","",E12+MIN(F12,Settings!$B$23)*Settings!$B$22) | H12: =IF($B12="","",IFERROR(INDEX(Settings!$B$5:$B$9,MATCH($D12,Settings!$A$5:$A$9,0)),0)) | I12: =IF($B12="","",IFERROR(INDEX(Settings!$C$5:$C$9,MATCH($D12,Settings!$A$5:$A$9,0)),0)) | J12: =IF($B12="","",IF(I12=0,0,ROUND(MIN(G12/I12,1)*Settings!$B$13,1))) | M12: =IF($B12="","",J12+MIN(K12,Settings!$B$14)+MIN(L12,Settings!$B$15)) | N12: =IF($B12="","",IF(G12<H12,MIN(M12,Settings!$B$20),M12)) | O12: =IF($B12="","",IF($D12="","Assign role",IF(G12<H12,"Below minimum - capped","OK")))
A13: =Roster!A13 -> 9 | B13: =IF(Roster!B13="","",Roster!B13) | C13: =IF($B13="","",Roster!C13) | D13: =IF($B13="","",Roster!D13) | G13: =IF($B13="","",E13+MIN(F13,Settings!$B$23)*Settings!$B$22) | H13: =IF($B13="","",IFERROR(INDEX(Settings!$B$5:$B$9,MATCH($D13,Settings!$A$5:$A$9,0)),0)) | I13: =IF($B13="","",IFERROR(INDEX(Settings!$C$5:$C$9,MATCH($D13,Settings!$A$5:$A$9,0)),0)) | J13: =IF($B13="","",IF(I13=0,0,ROUND(MIN(G13/I13,1)*Settings!$B$13,1))) | M13: =IF($B13="","",J13+MIN(K13,Settings!$B$14)+MIN(L13,Settings!$B$15)) | N13: =IF($B13="","",IF(G13<H13,MIN(M13,Settings!$B$20),M13)) | O13: =IF($B13="","",IF($D13="","Assign role",IF(G13<H13,"Below minimum - capped","OK")))
A14: =Roster!A14 -> 10 | B14: =IF(Roster!B14="","",Roster!B14) | C14: =IF($B14="","",Roster!C14) | D14: =IF($B14="","",Roster!D14) | G14: =IF($B14="","",E14+MIN(F14,Settings!$B$23)*Settings!$B$22) | H14: =IF($B14="","",IFERROR(INDEX(Settings!$B$5:$B$9,MATCH($D14,Settings!$A$5:$A$9,0)),0)) | I14: =IF($B14="","",IFERROR(INDEX(Settings!$C$5:$C$9,MATCH($D14,Settings!$A$5:$A$9,0)),0)) | J14: =IF($B14="","",IF(I14=0,0,ROUND(MIN(G14/I14,1)*Settings!$B$13,1))) | M14: =IF($B14="","",J14+MIN(K14,Settings!$B$14)+MIN(L14,Settings!$B$15)) | N14: =IF($B14="","",IF(G14<H14,MIN(M14,Settings!$B$20),M14)) | O14: =IF($B14="","",IF($D14="","Assign role",IF(G14<H14,"Below minimum - capped","OK")))
A15: =Roster!A15 -> 11 | B15: =IF(Roster!B15="","",Roster!B15) | C15: =IF($B15="","",Roster!C15) | D15: =IF($B15="","",Roster!D15) | G15: =IF($B15="","",E15+MIN(F15,Settings!$B$23)*Settings!$B$22) | H15: =IF($B15="","",IFERROR(INDEX(Settings!$B$5:$B$9,MATCH($D15,Settings!$A$5:$A$9,0)),0)) | I15: =IF($B15="","",IFERROR(INDEX(Settings!$C$5:$C$9,MATCH($D15,Settings!$A$5:$A$9,0)),0)) | J15: =IF($B15="","",IF(I15=0,0,ROUND(MIN(G15/I15,1)*Settings!$B$13,1))) | M15: =IF($B15="","",J15+MIN(K15,Settings!$B$14)+MIN(L15,Settings!$B$15)) | N15: =IF($B15="","",IF(G15<H15,MIN(M15,Settings!$B$20),M15)) | O15: =IF($B15="","",IF($D15="","Assign role",IF(G15<H15,"Below minimum - capped","OK")))
A16: =Roster!A16 -> 12 | B16: =IF(Roster!B16="","",Roster!B16) | C16: =IF($B16="","",Roster!C16) | D16: =IF($B16="","",Roster!D16) | G16: =IF($B16="","",E16+MIN(F16,Settings!$B$23)*Settings!$B$22) | H16: =IF($B16="","",IFERROR(INDEX(Settings!$B$5:$B$9,MATCH($D16,Settings!$A$5:$A$9,0)),0)) | I16: =IF($B16="","",IFERROR(INDEX(Settings!$C$5:$C$9,MATCH($D16,Settings!$A$5:$A$9,0)),0)) | J16: =IF($B16="","",IF(I16=0,0,ROUND(MIN(G16/I16,1)*Settings!$B$13,1))) | M16: =IF($B16="","",J16+MIN(K16,Settings!$B$14)+MIN(L16,Settings!$B$15)) | N16: =IF($B16="","",IF(G16<H16,MIN(M16,Settings!$B$20),M16)) | O16: =IF($B16="","",IF($D16="","Assign role",IF(G16<H16,"Below minimum - capped","OK")))
A17: =Roster!A17 -> 13 | B17: =IF(Roster!B17="","",Roster!B17) | C17: =IF($B17="","",Roster!C17) | D17: =IF($B17="","",Roster!D17) | G17: =IF($B17="","",E17+MIN(F17,Settings!$B$23)*Settings!$B$22) | H17: =IF($B17="","",IFERROR(INDEX(Settings!$B$5:$B$9,MATCH($D17,Settings!$A$5:$A$9,0)),0)) | I17: =IF($B17="","",IFERROR(INDEX(Settings!$C$5:$C$9,MATCH($D17,Settings!$A$5:$A$9,0)),0)) | J17: =IF($B17="","",IF(I17=0,0,ROUND(MIN(G17/I17,1)*Settings!$B$13,1))) | M17: =IF($B17="","",J17+MIN(K17,Settings!$B$14)+MIN(L17,Settings!$B$15)) | N17: =IF($B17="","",IF(G17<H17,MIN(M17,Settings!$B$20),M17)) | O17: =IF($B17="","",IF($D17="","Assign role",IF(G17<H17,"Below minimum - capped","OK")))
A18: =Roster!A18 -> 14 | B18: =IF(Roster!B18="","",Roster!B18) | C18: =IF($B18="","",Roster!C18) | D18: =IF($B18="","",Roster!D18) | G18: =IF($B18="","",E18+MIN(F18,Settings!$B$23)*Settings!$B$22) | H18: =IF($B18="","",IFERROR(INDEX(Settings!$B$5:$B$9,MATCH($D18,Settings!$A$5:$A$9,0)),0)) | I18: =IF($B18="","",IFERROR(INDEX(Settings!$C$5:$C$9,MATCH($D18,Settings!$A$5:$A$9,0)),0)) | J18: =IF($B18="","",IF(I18=0,0,ROUND(MIN(G18/I18,1)*Settings!$B$13,1))) | M18: =IF($B18="","",J18+MIN(K18,Settings!$B$14)+MIN(L18,Settings!$B$15)) | N18: =IF($B18="","",IF(G18<H18,MIN(M18,Settings!$B$20),M18)) | O18: =IF($B18="","",IF($D18="","Assign role",IF(G18<H18,"Below minimum - capped","OK")))
A19: =Roster!A19 -> 15 | B19: =IF(Roster!B19="","",Roster!B19) | C19: =IF($B19="","",Roster!C19) | D19: =IF($B19="","",Roster!D19) | G19: =IF($B19="","",E19+MIN(F19,Settings!$B$23)*Settings!$B$22) | H19: =IF($B19="","",IFERROR(INDEX(Settings!$B$5:$B$9,MATCH($D19,Settings!$A$5:$A$9,0)),0)) | I19: =IF($B19="","",IFERROR(INDEX(Settings!$C$5:$C$9,MATCH($D19,Settings!$A$5:$A$9,0)),0)) | J19: =IF($B19="","",IF(I19=0,0,ROUND(MIN(G19/I19,1)*Settings!$B$13,1))) | M19: =IF($B19="","",J19+MIN(K19,Settings!$B$14)+MIN(L19,Settings!$B$15)) | N19: =IF($B19="","",IF(G19<H19,MIN(M19,Settings!$B$20),M19)) | O19: =IF($B19="","",IF($D19="","Assign role",IF(G19<H19,"Below minimum - capped","OK")))
A20: =Roster!A20 -> 16 | B20: =IF(Roster!B20="","",Roster!B20) | C20: =IF($B20="","",Roster!C20) | D20: =IF($B20="","",Roster!D20) | G20: =IF($B20="","",E20+MIN(F20,Settings!$B$23)*Settings!$B$22) | H20: =IF($B20="","",IFERROR(INDEX(Settings!$B$5:$B$9,MATCH($D20,Settings!$A$5:$A$9,0)),0)) | I20: =IF($B20="","",IFERROR(INDEX(Settings!$C$5:$C$9,MATCH($D20,Settings!$A$5:$A$9,0)),0)) | J20: =IF($B20="","",IF(I20=0,0,ROUND(MIN(G20/I20,1)*Settings!$B$13,1))) | M20: =IF($B20="","",J20+MIN(K20,Settings!$B$14)+MIN(L20,Settings!$B$15)) | N20: =IF($B20="","",IF(G20<H20,MIN(M20,Settings!$B$20),M20)) | O20: =IF($B20="","",IF($D20="","Assign role",IF(G20<H20,"Below minimum - capped","OK")))
A21: =Roster!A21 -> 17 | B21: =IF(Roster!B21="","",Roster!B21) | C21: =IF($B21="","",Roster!C21) | D21: =IF($B21="","",Roster!D21) | G21: =IF($B21="","",E21+MIN(F21,Settings!$B$23)*Settings!$B$22) | H21: =IF($B21="","",IFERROR(INDEX(Settings!$B$5:$B$9,MATCH($D21,Settings!$A$5:$A$9,0)),0)) | I21: =IF($B21="","",IFERROR(INDEX(Settings!$C$5:$C$9,MATCH($D21,Settings!$A$5:$A$9,0)),0)) | J21: =IF($B21="","",IF(I21=0,0,ROUND(MIN(G21/I21,1)*Settings!$B$13,1))) | M21: =IF($B21="","",J21+MIN(K21,Settings!$B$14)+MIN(L21,Settings!$B$15)) | N21: =IF($B21="","",IF(G21<H21,MIN(M21,Settings!$B$20),M21)) | O21: =IF($B21="","",IF($D21="","Assign role",IF(G21<H21,"Below minimum - capped","OK")))
... A44: =Roster!A44 -> 40 | B44: =IF(Roster!B44="","",Roster!B44) | C44: =IF($B44="","",Roster!C44) | D44: =IF($B44="","",Roster!D44) | G44: =IF($B44="","",E44+MIN(F44,Settings!$B$23)*Settings!$B$22) | H44: =IF($B44="","",IFERROR(INDEX(Settings!$B$5:$B$9,MATCH($D44,Settings!$A$5:$A$9,0)),0)) | I44: =IF($B44="","",IFERROR(INDEX(Settings!$C$5:$C$9,MATCH($D44,Settings!$A$5:$A$9,0)),0)) | J44: =IF($B44="","",IF(I44=0,0,ROUND(MIN(G44/I44,1)*Settings!$B$13,1))) | M44: =IF($B44="","",J44+MIN(K44,Settings!$B$14)+MIN(L44,Settings!$B$15)) | N44: =IF($B44="","",IF(G44<H44,MIN(M44,Settings!$B$20),M44)) | O44: =IF($B44="","",IF($D44="","Assign role",IF(G44<H44,"Below minimum - capped","OK")))

Sheet Final
A1: Final Term Grading - Sprints 2 to 4 combined
A2: Enter valid PRs per sprint, total reviews, quality, demo and peer scores in the yellow cells. Sample numbers in rows 5-9 are examples.
A4: # | B4: Student | C4: Team | D4: Role | E4: Valid PRs Sprint 2 | F4: Valid PRs Sprint 3 | G4: Valid PRs Sprint 4 | H4: Reviews done (S2-S4) | I4: Total valid PRs | J4: Credited PRs | K4: Per-sprint minimum | L4: Total minimum | M4: Role target | N4: PR score | O4: Sprints below minimum | P4: Deduction | Q4: Quality score | R4: Team demos score | S4: Peer eval score | T4: Raw total | U4: FINAL GRADE | V4: Status
A5: =Roster!A5 -> 1 | B5: =IF(Roster!B5="","",Roster!B5) -> Sample Student 1 | C5: =IF($B5="","",Roster!C5) -> Team A | D5: =IF($B5="","",Roster!D5) -> Developer | E5: 8 | F5: 7 | G5: 9 | H5: 3 | I5: =IF($B5="","",SUM(E5:G5)) -> 24 | J5: =IF($B5="","",I5+MIN(H5,Settings!$B$23)*Settings!$B$22) -> 25.5 | K5: =IF($B5="","",IFERROR(INDEX(Settings!$D$5:$D$9,MATCH($D5,Settings!$A$5:$A$9,0)),0)) -> 5 | L5: =IF($B5="","",IFERROR(INDEX(Settings!$E$5:$E$9,MATCH($D5,Settings!$A$5:$A$9,0)),0)) -> 15 | M5: =IF($B5="","",IFERROR(INDEX(Settings!$F$5:$F$9,MATCH($D5,Settings!$A$5:$A$9,0)),0)) -> 24 | N5: =IF($B5="","",IF(M5=0,0,ROUND(MIN(J5/M5,1)*Settings!$B$16,1))) -> 60 | O5: =IF($B5="","",(E5<K5)+(F5<K5)+(G5<K5)) -> 0 | P5: =IF($B5="","",O5*Settings!$B$21) -> 0 | Q5: 13 | R5: 13 | S5: 9 | T5: =IF($B5="","",MAX(0,N5+MIN(Q5,Settings!$B$17)+MIN(R5,Settings!$B$18)+MIN(S5,Settings!$B$19)-P5)) -> 95 | U5: =IF($B5="","",IF(J5<L5,MIN(T5,Settings!$B$20),T5)) -> 95 | V5: =IF($B5="","",IF($D5="","Assign role",IF(J5<L5,"Below total minimum - capped",IF(O5>0,"Missed sprint minimum - deducted","OK")))) -> OK
A6: =Roster!A6 -> 2 | B6: =IF(Roster!B6="","",Roster!B6) -> Sample Student 2 | C6: =IF($B6="","",Roster!C6) -> Team A | D6: =IF($B6="","",Roster!D6) -> DB Admin | E6: 5 | F6: 6 | G6: 5 | H6: 2 | I6: =IF($B6="","",SUM(E6:G6)) -> 16 | J6: =IF($B6="","",I6+MIN(H6,Settings!$B$23)*Settings!$B$22) -> 17 | K6: =IF($B6="","",IFERROR(INDEX(Settings!$D$5:$D$9,MATCH($D6,Settings!$A$5:$A$9,0)),0)) -> 4 | L6: =IF($B6="","",IFERROR(INDEX(Settings!$E$5:$E$9,MATCH($D6,Settings!$A$5:$A$9,0)),0)) -> 12 | M6: =IF($B6="","",IFERROR(INDEX(Settings!$F$5:$F$9,MATCH($D6,Settings!$A$5:$A$9,0)),0)) -> 18 | N6: =IF($B6="","",IF(M6=0,0,ROUND(MIN(J6/M6,1)*Settings!$B$16,1))) -> 56.7 | O6: =IF($B6="","",(E6<K6)+(F6<K6)+(G6<K6)) -> 0 | P6: =IF($B6="","",O6*Settings!$B$21) -> 0 | Q6: 13 | R6: 13 | S6: 9 | T6: =IF($B6="","",MAX(0,N6+MIN(Q6,Settings!$B$17)+MIN(R6,Settings!$B$18)+MIN(S6,Settings!$B$19)-P6)) -> 91.7 | U6: =IF($B6="","",IF(J6<L6,MIN(T6,Settings!$B$20),T6)) -> 91.7 | V6: =IF($B6="","",IF($D6="","Assign role",IF(J6<L6,"Below total minimum - capped",IF(O6>0,"Missed sprint minimum - deducted","OK")))) -> OK
A7: =Roster!A7 -> 3 | B7: =IF(Roster!B7="","",Roster!B7) -> Sample Student 3 | C7: =IF($B7="","",Roster!C7) -> Team A | D7: =IF($B7="","",Roster!D7) -> Tester | E7: 4 | F7: 5 | G7: 3 | H7: 0 | I7: =IF($B7="","",SUM(E7:G7)) -> 12 | J7: =IF($B7="","",I7+MIN(H7,Settings!$B$23)*Settings!$B$22) -> 12 | K7: =IF($B7="","",IFERROR(INDEX(Settings!$D$5:$D$9,MATCH($D7,Settings!$A$5:$A$9,0)),0)) -> 4 | L7: =IF($B7="","",IFERROR(INDEX(Settings!$E$5:$E$9,MATCH($D7,Settings!$A$5:$A$9,0)),0)) -> 12 | M7: =IF($B7="","",IFERROR(INDEX(Settings!$F$5:$F$9,MATCH($D7,Settings!$A$5:$A$9,0)),0)) -> 18 | N7: =IF($B7="","",IF(M7=0,0,ROUND(MIN(J7/M7,1)*Settings!$B$16,1))) -> 40 | O7: =IF($B7="","",(E7<K7)+(F7<K7)+(G7<K7)) -> 1 | P7: =IF($B7="","",O7*Settings!$B$21) -> 3 | Q7: 11 | R7: 13 | S7: 8 | T7: =IF($B7="","",MAX(0,N7+MIN(Q7,Settings!$B$17)+MIN(R7,Settings!$B$18)+MIN(S7,Settings!$B$19)-P7)) -> 69 | U7: =IF($B7="","",IF(J7<L7,MIN(T7,Settings!$B$20),T7)) -> 69 | V7: =IF($B7="","",IF($D7="","Assign role",IF(J7<L7,"Below total minimum - capped",IF(O7>0,"Missed sprint minimum - deducted","OK")))) -> Missed sprint minimum - deducted
A8: =Roster!A8 -> 4 | B8: =IF(Roster!B8="","",Roster!B8) -> Sample Student 4 | C8: =IF($B8="","",Roster!C8) -> Team A | D8: =IF($B8="","",Roster!D8) -> UI/UX Designer | E8: 4 | F8: 4 | G8: 5 | H8: 1 | I8: =IF($B8="","",SUM(E8:G8)) -> 13 | J8: =IF($B8="","",I8+MIN(H8,Settings!$B$23)*Settings!$B$22) -> 13.5 | K8: =IF($B8="","",IFERROR(INDEX(Settings!$D$5:$D$9,MATCH($D8,Settings!$A$5:$A$9,0)),0)) -> 3 | L8: =IF($B8="","",IFERROR(INDEX(Settings!$E$5:$E$9,MATCH($D8,Settings!$A$5:$A$9,0)),0)) -> 9 | M8: =IF($B8="","",IFERROR(INDEX(Settings!$F$5:$F$9,MATCH($D8,Settings!$A$5:$A$9,0)),0)) -> 15 | N8: =IF($B8="","",IF(M8=0,0,ROUND(MIN(J8/M8,1)*Settings!$B$16,1))) -> 54 | O8: =IF($B8="","",(E8<K8)+(F8<K8)+(G8<K8)) -> 0 | P8: =IF($B8="","",O8*Settings!$B$21) -> 0 | Q8: 14 | R8: 13 | S8: 9 | T8: =IF($B8="","",MAX(0,N8+MIN(Q8,Settings!$B$17)+MIN(R8,Settings!$B$18)+MIN(S8,Settings!$B$19)-P8)) -> 90 | U8: =IF($B8="","",IF(J8<L8,MIN(T8,Settings!$B$20),T8)) -> 90 | V8: =IF($B8="","",IF($D8="","Assign role",IF(J8<L8,"Below total minimum - capped",IF(O8>0,"Missed sprint minimum - deducted","OK")))) -> OK
A9: =Roster!A9 -> 5 | B9: =IF(Roster!B9="","",Roster!B9) -> Sample Student 5 | C9: =IF($B9="","",Roster!C9) -> Team A | D9: =IF($B9="","",Roster!D9) -> Scrum Master | E9: 3 | F9: 4 | G9: 3 | H9: 2 | I9: =IF($B9="","",SUM(E9:G9)) -> 10 | J9: =IF($B9="","",I9+MIN(H9,Settings!$B$23)*Settings!$B$22) -> 11 | K9: =IF($B9="","",IFERROR(INDEX(Settings!$D$5:$D$9,MATCH($D9,Settings!$A$5:$A$9,0)),0)) -> 3 | L9: =IF($B9="","",IFERROR(INDEX(Settings!$E$5:$E$9,MATCH($D9,Settings!$A$5:$A$9,0)),0)) -> 9 | M9: =IF($B9="","",IFERROR(INDEX(Settings!$F$5:$F$9,MATCH($D9,Settings!$A$5:$A$9,0)),0)) -> 15 | N9: =IF($B9="","",IF(M9=0,0,ROUND(MIN(J9/M9,1)*Settings!$B$16,1))) -> 44 | O9: =IF($B9="","",(E9<K9)+(F9<K9)+(G9<K9)) -> 0 | P9: =IF($B9="","",O9*Settings!$B$21) -> 0 | Q9: 13 | R9: 13 | S9: 10 | T9: =IF($B9="","",MAX(0,N9+MIN(Q9,Settings!$B$17)+MIN(R9,Settings!$B$18)+MIN(S9,Settings!$B$19)-P9)) -> 80 | U9: =IF($B9="","",IF(J9<L9,MIN(T9,Settings!$B$20),T9)) -> 80 | V9: =IF($B9="","",IF($D9="","Assign role",IF(J9<L9,"Below total minimum - capped",IF(O9>0,"Missed sprint minimum - deducted","OK")))) -> OK
A10: =Roster!A10 -> 6 | B10: =IF(Roster!B10="","",Roster!B10) | C10: =IF($B10="","",Roster!C10) | D10: =IF($B10="","",Roster!D10) | I10: =IF($B10="","",SUM(E10:G10)) | J10: =IF($B10="","",I10+MIN(H10,Settings!$B$23)*Settings!$B$22) | K10: =IF($B10="","",IFERROR(INDEX(Settings!$D$5:$D$9,MATCH($D10,Settings!$A$5:$A$9,0)),0)) | L10: =IF($B10="","",IFERROR(INDEX(Settings!$E$5:$E$9,MATCH($D10,Settings!$A$5:$A$9,0)),0)) | M10: =IF($B10="","",IFERROR(INDEX(Settings!$F$5:$F$9,MATCH($D10,Settings!$A$5:$A$9,0)),0)) | N10: =IF($B10="","",IF(M10=0,0,ROUND(MIN(J10/M10,1)*Settings!$B$16,1))) | O10: =IF($B10="","",(E10<K10)+(F10<K10)+(G10<K10)) | P10: =IF($B10="","",O10*Settings!$B$21) | T10: =IF($B10="","",MAX(0,N10+MIN(Q10,Settings!$B$17)+MIN(R10,Settings!$B$18)+MIN(S10,Settings!$B$19)-P10)) | U10: =IF($B10="","",IF(J10<L10,MIN(T10,Settings!$B$20),T10)) | V10: =IF($B10="","",IF($D10="","Assign role",IF(J10<L10,"Below total minimum - capped",IF(O10>0,"Missed sprint minimum - deducted","OK"))))
A11: =Roster!A11 -> 7 | B11: =IF(Roster!B11="","",Roster!B11) | C11: =IF($B11="","",Roster!C11) | D11: =IF($B11="","",Roster!D11) | I11: =IF($B11="","",SUM(E11:G11)) | J11: =IF($B11="","",I11+MIN(H11,Settings!$B$23)*Settings!$B$22) | K11: =IF($B11="","",IFERROR(INDEX(Settings!$D$5:$D$9,MATCH($D11,Settings!$A$5:$A$9,0)),0)) | L11: =IF($B11="","",IFERROR(INDEX(Settings!$E$5:$E$9,MATCH($D11,Settings!$A$5:$A$9,0)),0)) | M11: =IF($B11="","",IFERROR(INDEX(Settings!$F$5:$F$9,MATCH($D11,Settings!$A$5:$A$9,0)),0)) | N11: =IF($B11="","",IF(M11=0,0,ROUND(MIN(J11/M11,1)*Settings!$B$16,1))) | O11: =IF($B11="","",(E11<K11)+(F11<K11)+(G11<K11)) | P11: =IF($B11="","",O11*Settings!$B$21) | T11: =IF($B11="","",MAX(0,N11+MIN(Q11,Settings!$B$17)+MIN(R11,Settings!$B$18)+MIN(S11,Settings!$B$19)-P11)) | U11: =IF($B11="","",IF(J11<L11,MIN(T11,Settings!$B$20),T11)) | V11: =IF($B11="","",IF($D11="","Assign role",IF(J11<L11,"Below total minimum - capped",IF(O11>0,"Missed sprint minimum - deducted","OK"))))
A12: =Roster!A12 -> 8 | B12: =IF(Roster!B12="","",Roster!B12) | C12: =IF($B12="","",Roster!C12) | D12: =IF($B12="","",Roster!D12) | I12: =IF($B12="","",SUM(E12:G12)) | J12: =IF($B12="","",I12+MIN(H12,Settings!$B$23)*Settings!$B$22) | K12: =IF($B12="","",IFERROR(INDEX(Settings!$D$5:$D$9,MATCH($D12,Settings!$A$5:$A$9,0)),0)) | L12: =IF($B12="","",IFERROR(INDEX(Settings!$E$5:$E$9,MATCH($D12,Settings!$A$5:$A$9,0)),0)) | M12: =IF($B12="","",IFERROR(INDEX(Settings!$F$5:$F$9,MATCH($D12,Settings!$A$5:$A$9,0)),0)) | N12: =IF($B12="","",IF(M12=0,0,ROUND(MIN(J12/M12,1)*Settings!$B$16,1))) | O12: =IF($B12="","",(E12<K12)+(F12<K12)+(G12<K12)) | P12: =IF($B12="","",O12*Settings!$B$21) | T12: =IF($B12="","",MAX(0,N12+MIN(Q12,Settings!$B$17)+MIN(R12,Settings!$B$18)+MIN(S12,Settings!$B$19)-P12)) | U12: =IF($B12="","",IF(J12<L12,MIN(T12,Settings!$B$20),T12)) | V12: =IF($B12="","",IF($D12="","Assign role",IF(J12<L12,"Below total minimum - capped",IF(O12>0,"Missed sprint minimum - deducted","OK"))))
A13: =Roster!A13 -> 9 | B13: =IF(Roster!B13="","",Roster!B13) | C13: =IF($B13="","",Roster!C13) | D13: =IF($B13="","",Roster!D13) | I13: =IF($B13="","",SUM(E13:G13)) | J13: =IF($B13="","",I13+MIN(H13,Settings!$B$23)*Settings!$B$22) | K13: =IF($B13="","",IFERROR(INDEX(Settings!$D$5:$D$9,MATCH($D13,Settings!$A$5:$A$9,0)),0)) | L13: =IF($B13="","",IFERROR(INDEX(Settings!$E$5:$E$9,MATCH($D13,Settings!$A$5:$A$9,0)),0)) | M13: =IF($B13="","",IFERROR(INDEX(Settings!$F$5:$F$9,MATCH($D13,Settings!$A$5:$A$9,0)),0)) | N13: =IF($B13="","",IF(M13=0,0,ROUND(MIN(J13/M13,1)*Settings!$B$16,1))) | O13: =IF($B13="","",(E13<K13)+(F13<K13)+(G13<K13)) | P13: =IF($B13="","",O13*Settings!$B$21) | T13: =IF($B13="","",MAX(0,N13+MIN(Q13,Settings!$B$17)+MIN(R13,Settings!$B$18)+MIN(S13,Settings!$B$19)-P13)) | U13: =IF($B13="","",IF(J13<L13,MIN(T13,Settings!$B$20),T13)) | V13: =IF($B13="","",IF($D13="","Assign role",IF(J13<L13,"Below total minimum - capped",IF(O13>0,"Missed sprint minimum - deducted","OK"))))
A14: =Roster!A14 -> 10 | B14: =IF(Roster!B14="","",Roster!B14) | C14: =IF($B14="","",Roster!C14) | D14: =IF($B14="","",Roster!D14) | I14: =IF($B14="","",SUM(E14:G14)) | J14: =IF($B14="","",I14+MIN(H14,Settings!$B$23)*Settings!$B$22) | K14: =IF($B14="","",IFERROR(INDEX(Settings!$D$5:$D$9,MATCH($D14,Settings!$A$5:$A$9,0)),0)) | L14: =IF($B14="","",IFERROR(INDEX(Settings!$E$5:$E$9,MATCH($D14,Settings!$A$5:$A$9,0)),0)) | M14: =IF($B14="","",IFERROR(INDEX(Settings!$F$5:$F$9,MATCH($D14,Settings!$A$5:$A$9,0)),0)) | N14: =IF($B14="","",IF(M14=0,0,ROUND(MIN(J14/M14,1)*Settings!$B$16,1))) | O14: =IF($B14="","",(E14<K14)+(F14<K14)+(G14<K14)) | P14: =IF($B14="","",O14*Settings!$B$21) | T14: =IF($B14="","",MAX(0,N14+MIN(Q14,Settings!$B$17)+MIN(R14,Settings!$B$18)+MIN(S14,Settings!$B$19)-P14)) | U14: =IF($B14="","",IF(J14<L14,MIN(T14,Settings!$B$20),T14)) | V14: =IF($B14="","",IF($D14="","Assign role",IF(J14<L14,"Below total minimum - capped",IF(O14>0,"Missed sprint minimum - deducted","OK"))))
A15: =Roster!A15 -> 11 | B15: =IF(Roster!B15="","",Roster!B15) | C15: =IF($B15="","",Roster!C15) | D15: =IF($B15="","",Roster!D15) | I15: =IF($B15="","",SUM(E15:G15)) | J15: =IF($B15="","",I15+MIN(H15,Settings!$B$23)*Settings!$B$22) | K15: =IF($B15="","",IFERROR(INDEX(Settings!$D$5:$D$9,MATCH($D15,Settings!$A$5:$A$9,0)),0)) | L15: =IF($B15="","",IFERROR(INDEX(Settings!$E$5:$E$9,MATCH($D15,Settings!$A$5:$A$9,0)),0)) | M15: =IF($B15="","",IFERROR(INDEX(Settings!$F$5:$F$9,MATCH($D15,Settings!$A$5:$A$9,0)),0)) | N15: =IF($B15="","",IF(M15=0,0,ROUND(MIN(J15/M15,1)*Settings!$B$16,1))) | O15: =IF($B15="","",(E15<K15)+(F15<K15)+(G15<K15)) | P15: =IF($B15="","",O15*Settings!$B$21) | T15: =IF($B15="","",MAX(0,N15+MIN(Q15,Settings!$B$17)+MIN(R15,Settings!$B$18)+MIN(S15,Settings!$B$19)-P15)) | U15: =IF($B15="","",IF(J15<L15,MIN(T15,Settings!$B$20),T15)) | V15: =IF($B15="","",IF($D15="","Assign role",IF(J15<L15,"Below total minimum - capped",IF(O15>0,"Missed sprint minimum - deducted","OK"))))
A16: =Roster!A16 -> 12 | B16: =IF(Roster!B16="","",Roster!B16) | C16: =IF($B16="","",Roster!C16) | D16: =IF($B16="","",Roster!D16) | I16: =IF($B16="","",SUM(E16:G16)) | J16: =IF($B16="","",I16+MIN(H16,Settings!$B$23)*Settings!$B$22) | K16: =IF($B16="","",IFERROR(INDEX(Settings!$D$5:$D$9,MATCH($D16,Settings!$A$5:$A$9,0)),0)) | L16: =IF($B16="","",IFERROR(INDEX(Settings!$E$5:$E$9,MATCH($D16,Settings!$A$5:$A$9,0)),0)) | M16: =IF($B16="","",IFERROR(INDEX(Settings!$F$5:$F$9,MATCH($D16,Settings!$A$5:$A$9,0)),0)) | N16: =IF($B16="","",IF(M16=0,0,ROUND(MIN(J16/M16,1)*Settings!$B$16,1))) | O16: =IF($B16="","",(E16<K16)+(F16<K16)+(G16<K16)) | P16: =IF($B16="","",O16*Settings!$B$21) | T16: =IF($B16="","",MAX(0,N16+MIN(Q16,Settings!$B$17)+MIN(R16,Settings!$B$18)+MIN(S16,Settings!$B$19)-P16)) | U16: =IF($B16="","",IF(J16<L16,MIN(T16,Settings!$B$20),T16)) | V16: =IF($B16="","",IF($D16="","Assign role",IF(J16<L16,"Below total minimum - capped",IF(O16>0,"Missed sprint minimum - deducted","OK"))))
A17: =Roster!A17 -> 13 | B17: =IF(Roster!B17="","",Roster!B17) | C17: =IF($B17="","",Roster!C17) | D17: =IF($B17="","",Roster!D17) | I17: =IF($B17="","",SUM(E17:G17)) | J17: =IF($B17="","",I17+MIN(H17,Settings!$B$23)*Settings!$B$22) | K17: =IF($B17="","",IFERROR(INDEX(Settings!$D$5:$D$9,MATCH($D17,Settings!$A$5:$A$9,0)),0)) | L17: =IF($B17="","",IFERROR(INDEX(Settings!$E$5:$E$9,MATCH($D17,Settings!$A$5:$A$9,0)),0)) | M17: =IF($B17="","",IFERROR(INDEX(Settings!$F$5:$F$9,MATCH($D17,Settings!$A$5:$A$9,0)),0)) | N17: =IF($B17="","",IF(M17=0,0,ROUND(MIN(J17/M17,1)*Settings!$B$16,1))) | O17: =IF($B17="","",(E17<K17)+(F17<K17)+(G17<K17)) | P17: =IF($B17="","",O17*Settings!$B$21) | T17: =IF($B17="","",MAX(0,N17+MIN(Q17,Settings!$B$17)+MIN(R17,Settings!$B$18)+MIN(S17,Settings!$B$19)-P17)) | U17: =IF($B17="","",IF(J17<L17,MIN(T17,Settings!$B$20),T17)) | V17: =IF($B17="","",IF($D17="","Assign role",IF(J17<L17,"Below total minimum - capped",IF(O17>0,"Missed sprint minimum - deducted","OK"))))
A18: =Roster!A18 -> 14 | B18: =IF(Roster!B18="","",Roster!B18) | C18: =IF($B18="","",Roster!C18) | D18: =IF($B18="","",Roster!D18) | I18: =IF($B18="","",SUM(E18:G18)) | J18: =IF($B18="","",I18+MIN(H18,Settings!$B$23)*Settings!$B$22) | K18: =IF($B18="","",IFERROR(INDEX(Settings!$D$5:$D$9,MATCH($D18,Settings!$A$5:$A$9,0)),0)) | L18: =IF($B18="","",IFERROR(INDEX(Settings!$E$5:$E$9,MATCH($D18,Settings!$A$5:$A$9,0)),0)) | M18: =IF($B18="","",IFERROR(INDEX(Settings!$F$5:$F$9,MATCH($D18,Settings!$A$5:$A$9,0)),0)) | N18: =IF($B18="","",IF(M18=0,0,ROUND(MIN(J18/M18,1)*Settings!$B$16,1))) | O18: =IF($B18="","",(E18<K18)+(F18<K18)+(G18<K18)) | P18: =IF($B18="","",O18*Settings!$B$21) | T18: =IF($B18="","",MAX(0,N18+MIN(Q18,Settings!$B$17)+MIN(R18,Settings!$B$18)+MIN(S18,Settings!$B$19)-P18)) | U18: =IF($B18="","",IF(J18<L18,MIN(T18,Settings!$B$20),T18)) | V18: =IF($B18="","",IF($D18="","Assign role",IF(J18<L18,"Below total minimum - capped",IF(O18>0,"Missed sprint minimum - deducted","OK"))))
A19: =Roster!A19 -> 15 | B19: =IF(Roster!B19="","",Roster!B19) | C19: =IF($B19="","",Roster!C19) | D19: =IF($B19="","",Roster!D19) | I19: =IF($B19="","",SUM(E19:G19)) | J19: =IF($B19="","",I19+MIN(H19,Settings!$B$23)*Settings!$B$22) | K19: =IF($B19="","",IFERROR(INDEX(Settings!$D$5:$D$9,MATCH($D19,Settings!$A$5:$A$9,0)),0)) | L19: =IF($B19="","",IFERROR(INDEX(Settings!$E$5:$E$9,MATCH($D19,Settings!$A$5:$A$9,0)),0)) | M19: =IF($B19="","",IFERROR(INDEX(Settings!$F$5:$F$9,MATCH($D19,Settings!$A$5:$A$9,0)),0)) | N19: =IF($B19="","",IF(M19=0,0,ROUND(MIN(J19/M19,1)*Settings!$B$16,1))) | O19: =IF($B19="","",(E19<K19)+(F19<K19)+(G19<K19)) | P19: =IF($B19="","",O19*Settings!$B$21) | T19: =IF($B19="","",MAX(0,N19+MIN(Q19,Settings!$B$17)+MIN(R19,Settings!$B$18)+MIN(S19,Settings!$B$19)-P19)) | U19: =IF($B19="","",IF(J19<L19,MIN(T19,Settings!$B$20),T19)) | V19: =IF($B19="","",IF($D19="","Assign role",IF(J19<L19,"Below total minimum - capped",IF(O19>0,"Missed sprint minimum - deducted","OK"))))
A20: =Roster!A20 -> 16 | B20: =IF(Roster!B20="","",Roster!B20) | C20: =IF($B20="","",Roster!C20) | D20: =IF($B20="","",Roster!D20) | I20: =IF($B20="","",SUM(E20:G20)) | J20: =IF($B20="","",I20+MIN(H20,Settings!$B$23)*Settings!$B$22) | K20: =IF($B20="","",IFERROR(INDEX(Settings!$D$5:$D$9,MATCH($D20,Settings!$A$5:$A$9,0)),0)) | L20: =IF($B20="","",IFERROR(INDEX(Settings!$E$5:$E$9,MATCH($D20,Settings!$A$5:$A$9,0)),0)) | M20: =IF($B20="","",IFERROR(INDEX(Settings!$F$5:$F$9,MATCH($D20,Settings!$A$5:$A$9,0)),0)) | N20: =IF($B20="","",IF(M20=0,0,ROUND(MIN(J20/M20,1)*Settings!$B$16,1))) | O20: =IF($B20="","",(E20<K20)+(F20<K20)+(G20<K20)) | P20: =IF($B20="","",O20*Settings!$B$21) | T20: =IF($B20="","",MAX(0,N20+MIN(Q20,Settings!$B$17)+MIN(R20,Settings!$B$18)+MIN(S20,Settings!$B$19)-P20)) | U20: =IF($B20="","",IF(J20<L20,MIN(T20,Settings!$B$20),T20)) | V20: =IF($B20="","",IF($D20="","Assign role",IF(J20<L20,"Below total minimum - capped",IF(O20>0,"Missed sprint minimum - deducted","OK"))))
A21: =Roster!A21 -> 17 | B21: =IF(Roster!B21="","",Roster!B21) | C21: =IF($B21="","",Roster!C21) | D21: =IF($B21="","",Roster!D21) | I21: =IF($B21="","",SUM(E21:G21)) | J21: =IF($B21="","",I21+MIN(H21,Settings!$B$23)*Settings!$B$22) | K21: =IF($B21="","",IFERROR(INDEX(Settings!$D$5:$D$9,MATCH($D21,Settings!$A$5:$A$9,0)),0)) | L21: =IF($B21="","",IFERROR(INDEX(Settings!$E$5:$E$9,MATCH($D21,Settings!$A$5:$A$9,0)),0)) | M21: =IF($B21="","",IFERROR(INDEX(Settings!$F$5:$F$9,MATCH($D21,Settings!$A$5:$A$9,0)),0)) | N21: =IF($B21="","",IF(M21=0,0,ROUND(MIN(J21/M21,1)*Settings!$B$16,1))) | O21: =IF($B21="","",(E21<K21)+(F21<K21)+(G21<K21)) | P21: =IF($B21="","",O21*Settings!$B$21) | T21: =IF($B21="","",MAX(0,N21+MIN(Q21,Settings!$B$17)+MIN(R21,Settings!$B$18)+MIN(S21,Settings!$B$19)-P21)) | U21: =IF($B21="","",IF(J21<L21,MIN(T21,Settings!$B$20),T21)) | V21: =IF($B21="","",IF($D21="","Assign role",IF(J21<L21,"Below total minimum - capped",IF(O21>0,"Missed sprint minimum - deducted","OK"))))
... A44: =Roster!A44 -> 40 | B44: =IF(Roster!B44="","",Roster!B44) | C44: =IF($B44="","",Roster!C44) | D44: =IF($B44="","",Roster!D44) | I44: =IF($B44="","",SUM(E44:G44)) | J44: =IF($B44="","",I44+MIN(H44,Settings!$B$23)*Settings!$B$22) | K44: =IF($B44="","",IFERROR(INDEX(Settings!$D$5:$D$9,MATCH($D44,Settings!$A$5:$A$9,0)),0)) | L44: =IF($B44="","",IFERROR(INDEX(Settings!$E$5:$E$9,MATCH($D44,Settings!$A$5:$A$9,0)),0)) | M44: =IF($B44="","",IFERROR(INDEX(Settings!$F$5:$F$9,MATCH($D44,Settings!$A$5:$A$9,0)),0)) | N44: =IF($B44="","",IF(M44=0,0,ROUND(MIN(J44/M44,1)*Settings!$B$16,1))) | O44: =IF($B44="","",(E44<K44)+(F44<K44)+(G44<K44)) | P44: =IF($B44="","",O44*Settings!$B$21) | T44: =IF($B44="","",MAX(0,N44+MIN(Q44,Settings!$B$17)+MIN(R44,Settings!$B$18)+MIN(S44,Settings!$B$19)-P44)) | U44: =IF($B44="","",IF(J44<L44,MIN(T44,Settings!$B$20),T44)) | V44: =IF($B44="","",IF($D44="","Assign role",IF(J44<L44,"Below total minimum - capped",IF(O44>0,"Missed sprint minimum - deducted","OK"))))

Sheet Summary
A1: Grade Summary
A3: # | B3: Student | C3: Team | D3: Role | E3: Midterm grade | F3: Final grade
A4: =Roster!A5 -> 1 | B4: =Midterm!B5 -> Sample Student 1 | C4: =Midterm!C5 -> Team A | D4: =Midterm!D5 -> Developer | E4: =Midterm!N5 -> 93 | F4: =Final!U5 -> 95
A5: =Roster!A6 -> 2 | B5: =Midterm!B6 -> Sample Student 2 | C5: =Midterm!C6 -> Team A | D5: =Midterm!D6 -> DB Admin | E5: =Midterm!N6 -> 77 | F5: =Final!U6 -> 91.7
A6: =Roster!A7 -> 3 | B6: =Midterm!B7 -> Sample Student 3 | C6: =Midterm!C7 -> Team A | D6: =Midterm!D7 -> Tester | E6: =Midterm!N7 -> 59 | F6: =Final!U7 -> 69
A7: =Roster!A8 -> 4 | B7: =Midterm!B8 -> Sample Student 4 | C7: =Midterm!C8 -> Team A | D7: =Midterm!D8 -> UI/UX Designer | E7: =Midterm!N8 -> 95 | F7: =Final!U8 -> 90
A8: =Roster!A9 -> 5 | B8: =Midterm!B9 -> Sample Student 5 | C8: =Midterm!C9 -> Team A | D8: =Midterm!D9 -> Scrum Master | E8: =Midterm!N9 -> 94 | F8: =Final!U9 -> 80
A9: =Roster!A10 -> 6 | B9: =Midterm!B10 | C9: =Midterm!C10 | D9: =Midterm!D10 | E9: =Midterm!N10 | F9: =Final!U10
A10: =Roster!A11 -> 7 | B10: =Midterm!B11 | C10: =Midterm!C11 | D10: =Midterm!D11 | E10: =Midterm!N11 | F10: =Final!U11
A11: =Roster!A12 -> 8 | B11: =Midterm!B12 | C11: =Midterm!C12 | D11: =Midterm!D12 | E11: =Midterm!N12 | F11: =Final!U12
A12: =Roster!A13 -> 9 | B12: =Midterm!B13 | C12: =Midterm!C13 | D12: =Midterm!D13 | E12: =Midterm!N13 | F12: =Final!U13
A13: =Roster!A14 -> 10 | B13: =Midterm!B14 | C13: =Midterm!C14 | D13: =Midterm!D14 | E13: =Midterm!N14 | F13: =Final!U14
A14: =Roster!A15 -> 11 | B14: =Midterm!B15 | C14: =Midterm!C15 | D14: =Midterm!D15 | E14: =Midterm!N15 | F14: =Final!U15
A15: =Roster!A16 -> 12 | B15: =Midterm!B16 | C15: =Midterm!C16 | D15: =Midterm!D16 | E15: =Midterm!N16 | F15: =Final!U16
... A43: =Roster!A44 -> 40 | B43: =Midterm!B44 | C43: =Midterm!C44 | D43: =Midterm!D44 | E43: =Midterm!N44 | F43: =Final!U44
